Top queries,Clicks,Impressions,CTR,Position
attack a crack,726,2387,30.41%,1.3
foundation repair near me,61,109399,0.06%,35.47
foundation crack repair,38,95377,0.04%,28.26
foundation repair connecticut,36,2263,1.59%,2.39
crack attack,31,802,3.87%,13.62
foundation repair,28,7488,0.37%,3.69
foundation crack repair near me,24,44216,0.05%,40.08
crack attack foundation repair,22,432,5.09%,6.55
concrete repair near me,18,1800,1%,14.7
attack a crack ct,18,42,42.86%,1
basement crack repair,17,17664,0.1%,27.52
foundation repair ct,17,1509,1.13%,2.42
crack attack concrete,15,430,3.49%,6.24
basement crack repair near me,14,51032,0.03%,38.89
attack the crack,13,100,13%,2.79
concrete repair,12,2885,0.42%,1.8
concrete contractors near me,12,866,1.39%,5.39
basement waterproofing,11,1048,1.05%,2.28
attack a crack reviews,11,152,7.24%,3.78
connecticut foundation repair,7,2231,0.31%,2.7
concrete resurfacing near me,7,303,2.31%,1.74
ct crumbling foundations map,7,169,4.14%,2.67
concrete foundation repair,6,33296,0.02%,41.01
pyrrhotite foundation,6,869,0.69%,19.1
pyrrhotite,6,543,1.1%,1.75
carbon fiber concrete stitches,6,308,1.95%,17.44
foundation specialist near me,5,1302,0.38%,9.65
concrete crack repair,5,823,0.61%,17.91
bulkhead repair,4,8828,0.05%,20.96
foundation repair companies near me,4,2444,0.16%,26.74
home foundation repair,4,1915,0.21%,2.49
concrete contractors,4,740,0.54%,1.17
concrete companies near me,4,718,0.56%,2.79
basement repair,4,576,0.69%,7.87
crack repair,4,455,0.88%,14.52
basement waterproofing near me,4,439,0.91%,3.4
crack.com,4,338,1.18%,19.18
pyrrhotite map,4,42,9.52%,2.45
cracked foundation repair,3,10810,0.03%,34.79
concrete crack repair near me,3,5338,0.06%,28.17
foundation repair massachusetts,3,3547,0.08%,12.48
foundation experts near me,3,1411,0.21%,2.62
concrete contractor,3,1322,0.23%,1.1
foundation companies near me,3,1214,0.25%,14.43
foundation crack sealing,3,982,0.31%,27.57
concrete repair boston,3,833,0.36%,21.75
concrete foundation contractors near me,3,708,0.42%,3.99
ct foundation repair,3,395,0.76%,2.83
concrete contractor near me,3,293,1.02%,1.74
foundation crack repair companies near me,3,166,1.81%,23.12
crackattack,3,80,3.75%,9.85
pyrrhotite massachusetts map,3,40,7.5%,18.55
carbon fiber stitching concrete,3,31,9.68%,6.35
concrete repair companies,3,23,13.04%,9.61
concrete slab contractors near me,3,19,15.79%,2.84
concrete foundation crack repair,2,4365,0.05%,33.2
basement foundation crack repair,2,4298,0.05%,28.02
water leaking through bulkhead,2,4113,0.05%,14.37
foundation repairs near me,2,3767,0.05%,31.29
foundation repair companies,2,3288,0.06%,3.53
leaky bulkhead,2,2282,0.09%,11.5
foundation leak repair,2,1906,0.1%,5.86
basement wall crack repair near me,2,1838,0.11%,21.54
crack foundation repair,2,1675,0.12%,22.25
basement wall crack repair,2,1657,0.12%,14.2
basement foundation repair near me,2,1473,0.14%,19.38
basement foundation repair,2,1402,0.14%,9.99
foundation repair contractors near me,2,899,0.22%,3.87
concrete resurfacing,2,850,0.24%,2.49
foundation contractors near me,2,804,0.25%,2.84
foundation wall crack repair,2,613,0.33%,32.44
foundation inspection,2,598,0.33%,2.28
local foundation repair,2,589,0.34%,1.48
concrete leveling near me,2,581,0.34%,1.01
signs of crumbling foundation,2,380,0.53%,37.81
what is pyrrhotite,2,369,0.54%,78.13
foundation crack repair boston,2,341,0.59%,8.25
basement repair companies,2,329,0.61%,2.29
crumbling foundations massachusetts,2,327,0.61%,34.59
basement waterproofing quincy,2,245,0.82%,15.31
crumbling foundations ct,2,160,1.25%,19.02
basement sealing near me,2,114,1.75%,3.09
garage foundation repair,2,56,3.57%,4.09
waterproofing companies near me,2,32,6.25%,5.28
concrete driveway contractors near me,2,29,6.9%,1.24
sealing bulkhead,2,29,6.9%,12.21
foundation crack repairs near me,2,25,8%,16.24
basement waterproofing ct,2,18,11.11%,9.28
foundation pouring near me,2,16,12.5%,4.19
basement floor repair,2,14,14.29%,3.79
foundation crack repair ri,2,8,25%,8.75
foundation work on house,2,7,28.57%,1.14
mud jacking companies near me,2,5,40%,1
mason near me,2,4,50%,8.25
foundation crack repairs,1,7107,0.01%,37.14
crack in foundation repair,1,4638,0.02%,16
foundation crack repair companies,1,4544,0.02%,32.33
bulkhead leaking,1,4303,0.02%,13.13
house foundation repair near me,1,3891,0.03%,51.71
cement foundation repair,1,3733,0.03%,25.45
foundation leak repair companies,1,3725,0.03%,26.78
free foundation inspection,1,3323,0.03%,54.7
wall crack repair near me,1,3027,0.03%,29.12
crack repair foundation,1,2670,0.04%,22.62
pyrrhotite foundation ct,1,2279,0.04%,38.01
concrete foundation near me,1,1859,0.05%,31
basement cracks repair,1,1846,0.05%,19.97
foundation contractors,1,1773,0.06%,2.44
cracked foundation repair near me,1,1754,0.06%,34.1
signs of pyrrhotite in foundation,1,1650,0.06%,20.54
concrete crack repair company near me,1,1457,0.07%,28.76
foundation crack repair massachusetts,1,1336,0.07%,9.43
massachusetts foundation repair,1,1333,0.08%,18.56
foundation crack fix,1,1196,0.08%,21.06
foundation specialist,1,1117,0.09%,1.25
basement foundation crack,1,1101,0.09%,27.62
house foundation repair,1,1012,0.1%,2.38
concrete raising near me,1,957,0.1%,1.05
basement concrete repair,1,953,0.1%,42.23
foundation repairs,1,899,0.11%,1.91
foundation contractor,1,881,0.11%,1.28
home foundation repair near me,1,875,0.11%,3.76
repair foundation crack,1,838,0.12%,28.4
pyrrhotite in concrete,1,834,0.12%,43.24
concrete lifting near me,1,818,0.12%,1.36
concrete leveling companies,1,797,0.13%,1.03
slab jacking near me,1,763,0.13%,1.94
foundation crack specialists,1,655,0.15%,63.92
concrete floor crack repair near me,1,578,0.17%,41.72
basement bulkhead repair,1,526,0.19%,13.83
concrete stitches,1,495,0.2%,32.22
foundation inspection and repair,1,494,0.2%,1.63
foundation inspection near me,1,454,0.22%,2.66
basement repair near me,1,450,0.22%,5.98
foundation replacement,1,429,0.23%,1.55
basement leak repair near me,1,376,0.27%,6.91
driveway crack repair,1,370,0.27%,9.86
concrete driveway repair,1,338,0.3%,1.45
concrete basement repair,1,338,0.3%,38.73
concrete repair companies near me,1,337,0.3%,31.9
foundation replacement near me,1,333,0.3%,25.69
basement wall repair,1,331,0.3%,2.03
pyrrhotite foundation massachusetts towns,1,312,0.32%,21.87
foundation expert near me,1,312,0.32%,29.52
crawl space contractors,1,309,0.32%,1.02
pyrrhotite concrete massachusetts,1,302,0.33%,35.53
driveway lifting,1,282,0.35%,2.01
concrete crack repairs,1,274,0.36%,16.2
carbon fiber structural repair,1,274,0.36%,38.23
repair foundation cracks,1,274,0.36%,44.31
concrete raising companies near me,1,273,0.37%,1.03
block foundation repair near me,1,271,0.37%,38.05
concrete crack repair companies,1,259,0.39%,26.1
epoxy injection foundation repair,1,240,0.42%,47.12
driveway crack repair near me,1,223,0.45%,11.7
basement leak repair,1,222,0.45%,1.76
garage waterproofing,1,219,0.46%,1.96
basement waterproofing hingham,1,212,0.47%,1.3
attack a,1,199,0.5%,6.31
ashi new england,1,195,0.51%,7.28
concrete floor repair,1,185,0.54%,1.93
basement waterproofing quincy ma,1,167,0.6%,3.66
concrete leveling connecticut,1,141,0.71%,5.22
carbon fiber stitches,1,134,0.75%,11.73
bulkhead door replacement near me,1,132,0.76%,51.12
carbon fiber concrete repair,1,124,0.81%,33.17
basement concrete repair near me,1,116,0.86%,21.23
attacka,1,107,0.93%,8.65
structural foundation repair near me,1,106,0.94%,22.45
carbon fiber stitching,1,105,0.95%,20.46
residential concrete contractors near me,1,101,0.99%,1.76
cement resurfacing,1,99,1.01%,3.81
ct crumbling foundations years affected,1,96,1.04%,15.55
crack repair company,1,92,1.09%,48.96
leaking bulkhead,1,91,1.1%,13.25
concrete repair contractors near me,1,91,1.1%,29.95
crack expert,1,83,1.2%,6.94
concrete company near me,1,73,1.37%,2.71
foundation resurfacing,1,73,1.37%,48.45
concrete patching,1,69,1.45%,7.07
epoxy injection companies,1,67,1.49%,74.45
concrete foundation repair crack,1,65,1.54%,41.29
concrete step repair,1,59,1.69%,2.39
carbon fiber concrete crack repair,1,59,1.69%,58.69
cracked concrete repair,1,56,1.79%,4.54
foundation leaking repair,1,54,1.85%,86
foundation repair boston ma,1,46,2.17%,55.5
bilco doors leaking water,1,44,2.27%,6.73
concrete retaining wall,1,39,2.56%,7.79
concrete near me,1,38,2.63%,3.82
foundation estimate,1,38,2.63%,7.71
concrete repair services near me,1,38,2.63%,7.92
pyrrhotite foundation years,1,37,2.7%,22.92
bilco door leaking,1,35,2.86%,6.94
concrete contractors connecticut,1,30,3.33%,8.03
foundation installation near me,1,24,4.17%,1.33
concrete foundations connecticut,1,23,4.35%,2.74
basement waterproofing milton,1,22,4.55%,1
contractors near me,1,21,4.76%,7.48
concrete driveway contractors,1,20,5%,1.15
new foundation contractors near me,1,20,5%,1.15
best foundation repair companies near me,1,20,5%,4.2
basement contractors near me,1,19,5.26%,5.47
vertical concrete crack repair,1,19,5.26%,11.05
garage floor crack repair near me,1,19,5.26%,31.68
concrete crack repair service,1,19,5.26%,33.26
concrete basement wall repair,1,18,5.56%,48.89
carbon fiber stitches for concrete,1,16,6.25%,5.31
crumbling foundation ct,1,16,6.25%,22.25
foundation fix,1,14,7.14%,6.57
waterproofing foundation,1,13,7.69%,3.08
bulkhead replacement nh,1,13,7.69%,44.85
concrete slab repair,1,12,8.33%,2.67
basement foundation,1,12,8.33%,3.17
foundation structural repair,1,12,8.33%,4.75
concrete repair work near me,1,12,8.33%,25
how to seal bilco doors,1,12,8.33%,25.67
concrete step repair near me,1,11,9.09%,1.55
basement floor repair near me,1,11,9.09%,5.82
foundation sealing near me,1,11,9.09%,8.82
foundation repair crack,1,11,9.09%,21.64
concrete basement contractors near me,1,10,10%,59.9
bilco door seal kit,1,9,11.11%,2.33
structural engineer,1,9,11.11%,3.89
concrete block foundation repair,1,9,11.11%,13.56
concrete slab leveling near me,1,8,12.5%,1.12
sinking foundation repair,1,8,12.5%,6.12
concrete sealing near me,1,8,12.5%,7.25
house leveling near me,1,7,14.29%,1
concrete levelers near me,1,7,14.29%,1.71
cement stairs repair,1,7,14.29%,3
concrete walls,1,7,14.29%,4.86
lally column replacement near me,1,7,14.29%,5.29
repair driveway cracks,1,7,14.29%,10.43
basement water proofing,1,6,16.67%,1
mud jacking near me,1,6,16.67%,1
curb repair near me,1,6,16.67%,1.5
fix a crack,1,6,16.67%,3.17
new england foundation crack repair reviews,1,6,16.67%,16
mold specialist near me,1,6,16.67%,20.67
concrete fix cracks,1,6,16.67%,29.33
bilco basement doors replacement parts,1,6,16.67%,41.17
urethane injection,1,6,16.67%,46.17
basement waterproofing contractors,1,5,20%,1
foam jacking,1,5,20%,4.8
cinder block wall repair,1,5,20%,11.2
concrete restoration near me,1,4,25%,2
clamshell bulkhead door,1,4,25%,3.25
retaining wall repair contractors near me,1,4,25%,11.25
basement foundation repairs near me,1,4,25%,16.25
crack repair basement wall,1,4,25%,23
concrete slab installation near me,1,3,33.33%,1
concrete specialist,1,3,33.33%,1.67
concrete joint sealing,1,3,33.33%,3
concrete repairs contractors,1,3,33.33%,3.67
concrete slab contractor,1,3,33.33%,5
home foundation specialist,1,3,33.33%,5.67
foundation raising near me,1,3,33.33%,6
concrete resurfacing companies near me,1,3,33.33%,6.33
cement porch repair,1,3,33.33%,6.67
"attack a crack amston, ct",1,2,50%,1
basement waterproofing company near me,1,2,50%,1
concrete on site,1,2,50%,1
concrete patio repair and resurfacing,1,2,50%,1
concrete patio repair near me,1,2,50%,1
concrete restoration services near me,1,2,50%,1
concrete resurfacing contractors near me,1,2,50%,1
concrete slab contractor near me,1,2,50%,1
concrete walkways near me,1,2,50%,1
crack sealing contractors,1,2,50%,1
underpinning companies near me,1,2,50%,1
concrete for sale near me,1,2,50%,1.5
concrete step repair contractors,1,2,50%,1.5
finish basement,1,2,50%,2
poly lift concrete near me,1,2,50%,2
front steps repair,1,2,50%,2.5
local companies near me,1,2,50%,8.5
structural engineer boston,1,2,50%,9
utility contractors near me,1,2,50%,9
basement window replacement near me,1,2,50%,12
cement contractors,1,2,50%,12
basement waterproofing in ct,1,1,100%,1
cheap foundation repair,1,1,100%,1
concrete garage floor repair near me,1,1,100%,1
concrete step repair contractors near me,1,1,100%,1
concrete steps for sale,1,1,100%,1
concrete walkway repairs,1,1,100%,1
foundation repai,1,1,100%,1
leaking foundation repair near me,1,1,100%,1
mold inspections near me,1,1,100%,1
mud jacking contractors near me,1,1,100%,1
pyrrhotitr,1,1,100%,1
ram jack new england,1,1,100%,1
sidewalk installation near me,1,1,100%,1
sidewalk resurfacing near me,1,1,100%,1
slab jacking contractors near me,1,1,100%,1
small residential concrete contractors near me,1,1,100%,1
waterproofing crawl space near me,1,1,100%,1
wettemann brothers concrete,1,1,100%,1
willington quarry,1,1,100%,1
foundation expert inspection,1,1,100%,2
gordon bulkhead doors,1,1,100%,2
cost to replace bilco doors,1,1,100%,3
connecticut cellar doors photos,1,1,100%,4
retaining walls contractors near me,1,1,100%,4
concrete repair and sealing near me,1,1,100%,5
concrete residential near me,1,1,100%,5
foundation repair.,1,1,100%,5
poured concrete wall,1,1,100%,5
door contractors near me,1,1,100%,6
garage sealing companies,1,1,100%,9
water proofing companies near me,1,1,100%,10
repairing basement floor cracks,1,1,100%,13
chimney crack repair,1,1,100%,70
concrete foundation repair near me,0,35216,0%,44.39
foundation crack repair services,0,13653,0%,45.05
bulkhead repair cost,0,8387,0%,28.81
bulkhead maintenance,0,6455,0%,47.09
foundation crack repair services near me,0,5865,0%,40.88
concrete and foundation repair,0,5049,0%,29.4
crack in foundation,0,4993,0%,37.24
repair crack in foundation,0,4508,0%,30.61
bulkhead installers,0,3724,0%,49.86
foundation cracks repair,0,3262,0%,24.74
bulkhead fix,0,3201,0%,20.01
concrete foundation crack,0,3187,0%,35.9
best foundation repair companies,0,3097,0%,8.32
crack repair near me,0,3067,0%,25.1
sealing bulkhead doors,0,2972,0%,25.43
crack repair services,0,2660,0%,45.68
foundation leak repair near me,0,2603,0%,6.35
foundation crack repair company,0,2435,0%,37.55
foundation repair ma,0,2337,0%,38.96
bulkhead replacement,0,2214,0%,53.71
basement crack repair companies,0,2194,0%,13.2
foundation crack repair contractors,0,2176,0%,46.34
outside foundation repair,0,2151,0%,19.05
foundation crack injection services,0,2118,0%,47.74
basement crack,0,2095,0%,29.42
bulkhead waterproofing,0,2084,0%,70.63
foundation crack injection,0,2081,0%,36.76
fix basement crack,0,2065,0%,32.08
crack repair services near me,0,2061,0%,31.49
bilco bulkhead repair,0,2049,0%,6.93
repair concrete foundation cracks,0,2039,0%,33.88
foundation crack,0,2008,0%,37.81
residential foundation crack repair,0,1995,0%,59.62
foundation crack repair service,0,1967,0%,64.42
residential foundation repair near me,0,1910,0%,31.69
foundation repair company,0,1803,0%,1.86
contractor foundation repair,0,1803,0%,3.49
sealing a bulkhead door,0,1744,0%,23.77
slab foundation repair,0,1685,0%,3.48
pyrrhotite concrete,0,1641,0%,54.88
basement crack fix,0,1608,0%,42.64
foundation concrete repair,0,1603,0%,14.59
foundation repair concrete,0,1596,0%,35.35
foundation repair contractors,0,1526,0%,7.31
foundation repair in my area,0,1504,0%,3.08
concrete foundation repair companies near me,0,1504,0%,41.62
foundation repair contractor,0,1478,0%,4.21
residential foundation repair,0,1473,0%,2.48
foundation repair companies in my area,0,1445,0%,3.03
bulkhead repair near me,0,1347,0%,29.26
how do i repair cracked foundation walls,0,1318,0%,82.35
outside foundation crack repair,0,1279,0%,39.58
how to repair crack in foundation,0,1262,0%,30.65
replacing a bulkhead,0,1259,0%,51.16
residential foundation contractors near me,0,1217,0%,1.23
replacement bulkhead,0,1192,0%,57.18
basement cracks,0,1158,0%,51.74
concrete foundation repair contractors,0,1154,0%,57.76
foundation repair quincy ma,0,1145,0%,1.87
foundation crack repair specialist,0,1113,0%,50.42
cost to replace bulkhead,0,1112,0%,32.84
foundation repair specialist near me,0,1110,0%,7.46
foundation crack repair expert,0,1110,0%,28.74
concrete foundation repairs,0,1109,0%,48.65
concrete for foundation repair,0,1104,0%,38.11
professional foundation crack repair,0,1052,0%,67.11
concrete foundation companies near me,0,1042,0%,33.93
epoxy foundation repair,0,1024,0%,33.4
basement concrete crack,0,1017,0%,50.85
concrete slab foundation repair,0,1015,0%,4.15
fixing crack in foundation,0,999,0%,27.74
waterproof bulkhead doors,0,978,0%,31.99
foundation crack repair llc,0,974,0%,25.97
foundation leak,0,972,0%,4.94
residential concrete foundation repair near me,0,972,0%,50.95
basement wall repair near me,0,966,0%,21.68
bulkhead sealing,0,963,0%,29.15
concrete lifting companies,0,946,0%,1.06
fix foundation crack,0,940,0%,23.43
repair cracked basement wall,0,935,0%,37.87
cracks near me,0,927,0%,8.72
foundation leveling near me,0,911,0%,3.18
concrete wall repair near me,0,897,0%,26.24
slab foundation repair near me,0,888,0%,2.67
basement crack repair service,0,888,0%,48.47
foundation installation quincy ma,0,875,0%,1.7
concrete leveling companies near me,0,867,0%,1.11
foundation lifting near me,0,858,0%,4.65
foundation repair experts,0,855,0%,2.82
home foundation fix,0,849,0%,11.42
foundation repair experts near me,0,847,0%,3.5
foundation repair services near me,0,845,0%,8.65
foundation crack inspection,0,824,0%,58.88
concrete restoration connecticut,0,822,0%,22.31
best foundation repair near me,0,815,0%,3.06
crack foundation repair company,0,809,0%,37.89
horizontal foundation crack repair,0,808,0%,13.06
slabjacking near me,0,806,0%,2.68
foundation problems,0,796,0%,16.02
foundation repair service,0,795,0%,2.86
foundation repair specialist,0,790,0%,2.69
basement foundation contractors,0,787,0%,8.7
foundation repair hartford,0,786,0%,43.75
concrete sinking repair,0,783,0%,5.7
driveway leveling repair in ct,0,777,0%,16.23
foundation crack repair experts,0,769,0%,57.6
foundation crack leak,0,765,0%,82.72
foundation wall repair near me,0,762,0%,34.01
foundation crack repair roosevelt,0,756,0%,12.46
home foundation contractors,0,750,0%,1.2
crack injection foundation repair,0,748,0%,42.65
foundation jacking near me,0,744,0%,7.67
repair crack foundation,0,744,0%,21.9
concrete foundation contractors,0,742,0%,1.39
professional foundation crack repair services,0,741,0%,68.38
foundation repair inspection,0,733,0%,1.13
concrete jacking near me,0,732,0%,1.02
crack in concrete foundation,0,723,0%,43.35
cracked concrete wall,0,712,0%,60.33
filling cracks in foundation,0,709,0%,32.39
cracked foundation repairs,0,704,0%,28.52
mudjacking near me,0,699,0%,2.61
foundation damage repair,0,698,0%,2.71
basement crack injection,0,691,0%,39.31
foundation repair services,0,690,0%,4.84
foundation wall crack injection,0,690,0%,52.15
foundation leveling services,0,688,0%,1.25
precast bulkhead,0,686,0%,47.31
basement+crack+repair+near+me,0,681,0%,22.11
crawl space repair,0,676,0%,1.04
fix concrete foundation,0,675,0%,61.01
foundation crack repair company near me,0,674,0%,50.36
companies that fix foundations,0,667,0%,1.99
concrete porch repair,0,666,0%,1.75
bulkhead repairs,0,664,0%,19.13
concrete foundation specialists,0,663,0%,51.37
concrete leveling services,0,662,0%,1
foundation companies,0,661,0%,1.68
concrete lifting and leveling near me,0,648,0%,4.72
fixing a foundation crack from the outside,0,648,0%,62.91
foundation company near me,0,635,0%,1.28
concrete leveling repair,0,633,0%,1.38
basement wall crack sealing,0,626,0%,66.4
cracked foundation restoration near me,0,620,0%,43.17
basement foundation wall crack repair,0,619,0%,56.45
concrete raising,0,615,0%,1.05
repair concrete foundation,0,613,0%,52.47
concrete foundation underpinning,0,612,0%,12.8
residential foundation repairs,0,609,0%,1.89
bilco bulkhead installation,0,609,0%,52.83
foundation work near me,0,607,0%,2.33
concrete+foundation+repair+near+me,0,605,0%,21.26
free estimate foundation repair,0,605,0%,61.81
crack repair specialists,0,604,0%,75.75
foundation settlement repair,0,603,0%,5.47
foundation underpinning contractors near me,0,600,0%,7.83
commercial foundation repair near me,0,596,0%,1.33
structural repair near me,0,593,0%,4.37
sidewalk leveling near me,0,590,0%,1
concrete leveling company,0,586,0%,1
crack injection concrete,0,578,0%,26.37
carbon fiber concrete stitching,0,575,0%,30.82
foundation repair company near me,0,573,0%,62.61
epoxy injection foundation,0,569,0%,43.74
repair foundation near me,0,568,0%,44.18
fix house foundation,0,563,0%,10.26
repairing crack in foundation,0,562,0%,31.04
concrete leveling services near me,0,560,0%,1.98
underpinning repair,0,560,0%,12.86
concrete leveling contractors near me,0,554,0%,1.09
cement lifting near me,0,553,0%,1.31
leaky basement,0,553,0%,3.68
what are the benefits of carbon fibre staples,0,552,0%,11.01
foundation and crack repair services,0,551,0%,45.93
bulkhead replacement cost,0,548,0%,29.19
foundation leveling,0,547,0%,1.86
crack injections,0,546,0%,67.11
structural foundation repair,0,542,0%,6.28
sidewalk leveling,0,541,0%,2.81
foundation walls repairs near me,0,541,0%,32.83
basement wall crack injection,0,536,0%,50.86
concrete leveling contractors,0,534,0%,1.02
driveway leveling near me,0,530,0%,1.34
residential concrete foundation repair,0,530,0%,59.68
concrete deck repair,0,528,0%,1.23
cement leveling near me,0,525,0%,1.03
concrete pool deck crack repair,0,524,0%,22.74
foundation underpinning services near me,0,523,0%,9.63
concrete foundations contractors near me,0,522,0%,1
bulkhead door replacement,0,520,0%,65.78
wall crack repair norwich,0,519,0%,8.62
concrete foundations contractors,0,516,0%,1.03
leaking builkhead,0,516,0%,15.16
free basement inspection,0,516,0%,22.79
driveway concrete repair in ct,0,506,0%,50.46
fix crack in foundation,0,505,0%,23.06
foundation crack repair contractors near me,0,504,0%,34.58
residential structural repair contractors near me,0,500,0%,1.06
sagging floor repair near me,0,496,0%,1.52
basement foundation crack repair near me,0,496,0%,37.72
concrete leveling,0,494,0%,1.53
foundation underpinning repair,0,494,0%,12.73
benefits of carbon fibre staples,0,493,0%,8.91
home foundations near me,0,484,0%,1.03
crack leak basement,0,484,0%,76.3
driveway leveling,0,478,0%,1.44
basement foundation contractors near me,0,475,0%,1.08
basement bulkhead construction,0,470,0%,51.81
bulkhead leak,0,469,0%,17.8
repair cracked foundation,0,469,0%,26.2
slab lifting near me,0,467,0%,3.34
free foundation repair estimate,0,467,0%,51.03
concrete driveway leveling,0,465,0%,1.36
concrete bulkhead repair,0,464,0%,10.05
concrete mud jacking,0,463,0%,5.87
concrete bulkhead,0,461,0%,37.55
bulkhead concrete preservation,0,459,0%,37.61
basement wall leak repair near me,0,458,0%,29.93
foundation underpinning near me,0,450,0%,3.39
cracks in foundation repair,0,449,0%,21.18
foundation experts,0,448,0%,3.31
foundation crack repair franklin square,0,448,0%,36.6
boston foundation crack repair,0,447,0%,12.71
expansion joint repair,0,447,0%,23.49
how to repair cracks in concrete foundation walls,0,445,0%,59.96
connecticut concrete repair,0,444,0%,3.27
repair basement cracks,0,443,0%,49.32
foundations repair near me,0,441,0%,6.36
crack foundation,0,441,0%,31.03
house foundation contractors,0,440,0%,1.49
foundation repair cracks,0,440,0%,25.78
bulkhead installation massachusetts,0,440,0%,72.2
concrete wall crack repair,0,438,0%,55.23
wall crack repair lowell,0,435,0%,15.11
concrete lifting,0,432,0%,1.89
crawlspace foundation repair,0,432,0%,5.08
foundation crack repair medford,0,432,0%,38.4
crawl space foundation repair,0,429,0%,1.14
residential concrete repair ct,0,428,0%,4.66
residential concrete repair connecticut,0,427,0%,5.18
basement and foundation repair,0,419,0%,2.38
mudjacking concrete,0,419,0%,5.09
basement leak repair company near me,0,419,0%,25.89
polyurethane mudjacking near connecticut,0,413,0%,5.77
foundation underpinning services,0,412,0%,12.66
how to repair concrete foundation,0,411,0%,50.16
foundation crack repair southampton,0,410,0%,37.81
bedford foundation crack repair,0,408,0%,46.59
foundation crack repair miller place,0,406,0%,55.26
crawlspace repair,0,405,0%,1.39
foundation crack repair malverne,0,404,0%,59.54
foundation repair quincy,0,403,0%,14.33
crack in the foundation,0,402,0%,30.77
leveling driveway,0,401,0%,11.79
wood bulkhead repair,0,401,0%,38.47
urethane injection foundation crack repair,0,400,0%,46.22
residential concrete foundation contractors near me,0,398,0%,1.17
carbon fiber foundation repair cost,0,398,0%,50.14
bulkheads concrete,0,398,0%,62.71
commercial foundation repair,0,395,0%,11.81
crack basement wall repair,0,395,0%,48.59
carbon fibre crack stitch,0,392,0%,45.09
crack in foundation slab near me,0,392,0%,49.78
cracked concrete foundation,0,390,0%,41.5
free foundation inspections,0,389,0%,44.52
cracked concrete foundation repair,0,387,0%,45.74
basement crack leak repair,0,387,0%,49.67
bulkhead door seal,0,384,0%,26.34
exterior foundation crack repair,0,384,0%,56.31
concrete lifting contractors near me,0,383,0%,1
patching concrete foundation,0,382,0%,37.69
expert crack and concrete repair,0,382,0%,42.94
foundation repair blog,0,382,0%,56.19
free foundation inspection near me,0,381,0%,47.36
concrete restoration massachusetts,0,379,0%,15.96
mud jacking concrete,0,370,0%,5.33
bulkhead concrete,0,370,0%,34.66
how to fill cracks next to asement foundation,0,369,0%,79.59
foundation+crack+repair+near+me,0,368,0%,20.26
concrete lifting and leveling,0,366,0%,6.34
basement wall crack repair boston ma,0,366,0%,18.45
concrete slab leveling,0,365,0%,2.45
concrete leveling mudjacking,0,364,0%,8.97
foundation repair underpinning,0,364,0%,13.04
concrete,0,362,0%,2.52
concrete restoration ma,0,362,0%,12.48
concrete crack repair contractors,0,362,0%,19.21
foundation repair dedham,0,357,0%,20.14
concrete void filling near me,0,355,0%,1.01
concrete foundation,0,349,0%,2.7
basement crack repair companies near me,0,349,0%,28.23
concrete crack repair company,0,347,0%,12.59
cracks foundation specialists,0,346,0%,50.9
basement floor crack repair,0,344,0%,25.03
concrete driveway repair in ct,0,344,0%,48.31
white settlement foundation crack repair,0,340,0%,46.83
repairing concrete foundation,0,339,0%,53.95
concrete repair in new england,0,338,0%,13.96
concrete epoxy repair contractors near me,0,337,0%,7.96
foundation crack repair white settlement,0,337,0%,54.35
define pyrrhotite,0,336,0%,78.27
crawl space repairs,0,334,0%,1.29
pyrrhotite foundation massachusetts,0,334,0%,30.22
concrete crack repair services,0,333,0%,25.13
concrete wall cracks repair,0,333,0%,53.19
foundation and crack repair,0,333,0%,64.07
concrete repair contractor in ct,0,332,0%,29.05
foundation crack repair selden,0,332,0%,46.77
expert foundation crack repair services,0,331,0%,50.5
foundation crack repair ronkonkoma,0,330,0%,45.31
concrete repair new england,0,329,0%,15.91
foundation crack repair babylon,0,329,0%,51.34
crack concrete wall,0,329,0%,58.52
repairing cracked foundation,0,326,0%,29.88
raise concrete driveway,0,325,0%,9.38
concrete businesses,0,323,0%,1
cracked foundation wall repair,0,323,0%,18.79
repairing cracks in concrete foundation,0,323,0%,29.31
foundation crack repair east rockaway,0,323,0%,40.78
cracking near me,0,322,0%,45.8
injection epoxy foundation repair,0,321,0%,63.94
bulkhead repair companies,0,320,0%,25.73
foundation repair and waterproofing near me,0,319,0%,3.39
replacing bulkhead,0,318,0%,58.93
best foundation crack repair expert,0,317,0%,30.2
foundation cracked repair,0,316,0%,25.01
crawlspace foundation repair in connecticut,0,315,0%,32.13
concrete foundation cracks,0,314,0%,54.27
crack repairs,0,313,0%,52.59
pyrrhotite massachusetts,0,312,0%,32.9
concrete driveway lifting,0,311,0%,1.85
cracked concrete near me,0,310,0%,23.63
foundation crack repair commack,0,310,0%,41.83
foundation crack repair bethpage,0,307,0%,50.04
foundation crack repair woodbury,0,306,0%,47.52
crawl space repair companies,0,305,0%,1.05
carbon fiber support beams,0,304,0%,60.98
foundation crack solutions,0,304,0%,64.02
mudjacking,0,302,0%,6.15
foundation repair weymouth,0,302,0%,10.78
basement wall crack repair boston,0,300,0%,18.68
foundation crack repair east hampton,0,299,0%,32.55
carbon fiber staples,0,299,0%,36.72
repair foundation wall,0,299,0%,88.06
a 1 foundation crack repair,0,297,0%,36.59
bulkhead builder,0,297,0%,76.25
foundation underpinning service,0,296,0%,12.74
foundation crack repair carle place,0,296,0%,44.22
garage floor repair near me,0,295,0%,1
concrete repair services,0,295,0%,1.84
leaky basement repair near me,0,295,0%,4.82
foundation inspection free,0,295,0%,35.19
foundation crack repair brookhaven,0,294,0%,44.21
sewer pipe leak foundation,0,290,0%,78.08
crawl space repair services,0,289,0%,1.09
foundation crack repair elmont,0,289,0%,53.88
crack repair concrete wall,0,288,0%,66.73
cracked slab foundation repair,0,287,0%,51.37
crawl space repairs near me,0,286,0%,1.31
basement crack repair massachusetts,0,286,0%,10.49
foundation repair newton,0,286,0%,39.63
basement wall crack repair ma,0,285,0%,13.02
foundation crack repair mount sinai,0,285,0%,38.66
foundation crack repair lindenhurst,0,285,0%,51.91
colleyville foundation crack repair,0,285,0%,58.46
concrete bulkheads,0,285,0%,60.71
foundation contractors in ct,0,284,0%,2.32
repairing concrete cracks in walls,0,281,0%,55.41
basement wall crack repair massachusetts,0,280,0%,12.38
foundation crack repair desoto,0,279,0%,57.3
foundation repair natick,0,278,0%,24.26
how to fix concrete cracks in walls,0,278,0%,54.7
exterior foundation repair,0,278,0%,61.66
concrete raising contractors near me,0,276,0%,1
foundation repair contractors in ct,0,276,0%,1.95
new england foundation repair,0,276,0%,47.41
concrete company,0,273,0%,1.04
foundation and concrete repair,0,273,0%,60.17
basement crack repair staten island,0,273,0%,69.03
basement repairs near me,0,272,0%,8.36
commercial concrete crack repair,0,272,0%,84.66
concrete lifting contractor near me,0,270,0%,1.48
resurfacing contractors near me,0,269,0%,6.7
foundation crack repair shirley,0,269,0%,54.75
concrete foundation contractors ct,0,267,0%,1.18
repair concrete wall cracks,0,266,0%,34.6
concrete foundation repair service,0,266,0%,75.57
cement contractor,0,264,0%,1.03
basement crack repairs,0,264,0%,36.93
foundation crack repair hauppauge,0,260,0%,52.54
crumbling foundations massachusetts map,0,259,0%,27.29
repairing foundation wall cracks,0,259,0%,72
foundation crack repair lynbrook,0,256,0%,47.5
foundation slab cracks services,0,255,0%,35.72
foundation contractors ct,0,254,0%,3.69
foundation repair ri,0,253,0%,65.58
foundation crack repair bellport,0,252,0%,47.05
concrete restoration boston,0,252,0%,48.12
poured basement wall crack repair,0,252,0%,59.81
foundation repair hartford ct,0,251,0%,17.45
foundation repairs connecticut,0,250,0%,1.3
concrete foundation services,0,250,0%,77.53
fixing basement foundation,0,250,0%,85.98
foundation crack repair old westbury,0,249,0%,33.97
repair cracks in foundation,0,249,0%,36.8
how to check foundation,0,249,0%,44.74
how to repair a concrete foundation,0,249,0%,77.17
crawl space structural repair near me,0,248,0%,6.75
concrete foundation crack repair in boston ma,0,248,0%,9.17
foundation crack repair islip,0,248,0%,48.4
exterior foundation cracks,0,248,0%,58.04
carbon fibre staples,0,247,0%,63.45
foundation solutions near me,0,246,0%,1.74
hartford foundation crack repair,0,246,0%,11.88
crawl space structural repair,0,245,0%,1.41
"""bulkhead repair""",0,243,0%,16.58
concrete raising contractor near me,0,242,0%,1.24
basement leaking,0,242,0%,1.95
foundation walls repairs services,0,242,0%,40.17
foundation crack repair farmingdale,0,242,0%,57.75
basement and foundation,0,241,0%,1.76
foundation crack repair syosset,0,241,0%,35.21
injection foundation repair,0,241,0%,40.77
home foundation crack repair,0,241,0%,60.52
foundation crack repair methods,0,241,0%,68.29
crawlspace repairs,0,240,0%,1.02
basement crack repair company,0,239,0%,28.5
foundation repair contractors ct,0,237,0%,1.79
foundation crack repair manhasset,0,237,0%,45.72
epoxy foundation crack repair,0,237,0%,57.92
concrete driveway contractor,0,236,0%,1
crawl space repair near me,0,236,0%,2.67
foundation crack repair northport,0,234,0%,41.28
expert foundation crack repair,0,233,0%,31.9
foundation crack repair montauk,0,233,0%,45.16
foundation crack repair suffolk county,0,233,0%,51.15
cracked wall repair near me,0,229,0%,11.14
foundation crack repair east northport,0,229,0%,37.83
foundation crack repair bedford,0,229,0%,49.79
epoxy injection foundation crack repair,0,229,0%,53.65
concrete raising contractors in ct,0,228,0%,2.73
foundation crack repair wading river,0,227,0%,38.94
concrete filler for foundation,0,227,0%,79.72
crawl space services near me,0,226,0%,1
foundation specialist new england,0,226,0%,44.25
new england foundation crack repair,0,225,0%,30.77
massachusetts crumbling foundations,0,225,0%,34.56
arlington foundation crack repair,0,225,0%,70.4
foundation crack repair denver,0,224,0%,88.02
resurfacing contractor near me,0,223,0%,2.87
top-rated foundation repair companies,0,223,0%,54.86
foundation crack repair jericho,0,222,0%,27.7
epoxy injection foundation crack repair cost,0,222,0%,55.11
epoxy repair foundation cracks,0,222,0%,76.48
filling in cracks in concrete walls,0,222,0%,85.56
cellar bulkhead replacement,0,221,0%,49.25
foundation+crack+repair,0,220,0%,30.41
foundation crack repair riverhead,0,220,0%,48.68
concrete fixers near me,0,219,0%,10.32
foundation and crack repair services near me,0,218,0%,51.18
bulkhead door repair,0,217,0%,24.29
driveway concreter,0,216,0%,1.15
foundation leak repair bedford,0,216,0%,55.75
cracked foundation,0,215,0%,19.08
fixing cracks in foundation walls,0,215,0%,49.12
fix crack in foundation of basement,0,215,0%,50.65
finished basement shrewsbury,0,213,0%,13.69
concrete repair hartford,0,213,0%,61.93
concrete injection foundation repair,0,213,0%,64.76
concrete walkway installation ct,0,212,0%,1.29
foundation crack repair seaford,0,212,0%,39.93
cracks in concrete foundation,0,210,0%,44.89
foundation crack repair mineola,0,210,0%,57.26
foundation walls repairs,0,210,0%,75.48
concrete repair ma,0,209,0%,21.32
concrete repair berlin ct,0,209,0%,32.52
repair concrete basement,0,208,0%,69.13
crack in foundation in florida,0,208,0%,84.55
foundation waterproofing quincy ma,0,207,0%,5.4
cracks in concrete walls repair,0,207,0%,51.9
high springs foundation cracks,0,206,0%,63.61
crawl space repair contractor,0,205,0%,1.04
fixing a cracked foundation wall,0,205,0%,43.23
concrete companies,0,204,0%,1.88
crumbling foundation map,0,204,0%,47.17
foundation crack repair wantagh,0,204,0%,56.82
foundation crack injections,0,204,0%,58.73
concrete foundation contractor near me,0,203,0%,60.39
concrete raising companies ct,0,202,0%,1.55
bulkhead companies,0,202,0%,50
best foundation crack repair,0,202,0%,50.33
repair foundation repair,0,202,0%,50.64
foundation repair newton ma,0,201,0%,35.26
concrete pyrrhotite,0,201,0%,47.96
foundation slab crack repair,0,201,0%,55.72
desoto foundation crack repair,0,201,0%,63.07
gainesville foundation crack repair,0,201,0%,76.47
crawl space contractors near me,0,200,0%,1.08
poly lifting near me,0,199,0%,8.99
foundation crack repair nassau county,0,199,0%,54.43
crawl space foundation repair near me,0,198,0%,5.1
concrete foundation repair specialists,0,198,0%,34.44
foundation crack repair cedarhurst,0,198,0%,49.25
residential bulkhead,0,196,0%,78.86
cement foundation repair near me,0,195,0%,29.98
bulkhead doors ct,0,195,0%,43.66
foundation crack repair bohemia,0,195,0%,49.45
high pressure diy foundation crack injection repair,0,195,0%,53.71
foundation crack repair southlake,0,195,0%,58.73
foundation crack repair rhode island,0,193,0%,24.09
foundation repair brookline,0,193,0%,26.12
crack sealing near me,0,193,0%,37.65
cracked foundation wall,0,193,0%,73.5
foundation check,0,191,0%,44.76
leaky basement crack,0,190,0%,52.26
cement stair repair,0,189,0%,1.69
foundation crack repair arlington,0,189,0%,67.98
foundation construction company,0,188,0%,1.01
fix cracked foundation,0,188,0%,29.48
foundation crack repair suffolk,0,188,0%,63.98
residential structural repair,0,187,0%,1.03
polyurethane mudjacking near ct,0,187,0%,5.86
foundation repair milton ma,0,187,0%,22.44
"paver crack repair boston, ma",0,187,0%,25.86
foundation crack repair wells branch,0,187,0%,27.49
crack on the foundation,0,186,0%,35.75
foundation crack repair portsmouth,0,186,0%,63.26
foundation crack repair east islip,0,185,0%,47.66
foundation crack repair east meadow,0,185,0%,51.49
installing control joints in concrete,0,185,0%,64.32
fractured concrete repair services,0,184,0%,33.39
aledo foundation crack repair,0,184,0%,42.95
crawlspace repair near me,0,183,0%,1.09
foundation cracks repair near me,0,183,0%,27.54
fixing cracks in concrete foundation,0,183,0%,30.6
basement waterproofing milton ma,0,182,0%,1.98
concrete building repair massachusetts,0,182,0%,44.58
foundation crack repair andover ma,0,181,0%,14.12
crack in foundation slab suffolk,0,180,0%,61.88
slab crack near me,0,179,0%,12.39
concrete building repair ma,0,179,0%,35.2
foundation crack repair smithtown,0,179,0%,40.31
foundation crack repair massapequa park,0,179,0%,51.69
concrete crack repair boston ma,0,178,0%,4.63
foundation crack repair westbury,0,178,0%,35.1
bulkhead repair reviews,0,178,0%,47.88
cracked home foundation repair,0,178,0%,58.57
cracked basement,0,178,0%,88.07
for a crack,0,177,0%,31.85
basement concrete crack repair,0,176,0%,47.98
crawl space repair company,0,175,0%,1
replace bulkhead basement doors,0,175,0%,30.08
foundation crack repair in florida,0,175,0%,85.66
how to seal cracks in concrete wall,0,175,0%,90.19
repair cracks in concrete wall,0,174,0%,45.62
jacksonville foundation crack repair,0,174,0%,79.83
foundation repair dorchester ma,0,173,0%,3.07
crack in foundation slab newport news,0,173,0%,50.27
epoxy injection crack repair cost,0,173,0%,90.77
basement crack leak,0,172,0%,70.36
mansfield foundation crack repair,0,172,0%,81.47
foundation crack repair uniondale,0,171,0%,45.01
crack injection for foundation repair,0,171,0%,52.1
sewer line repair wall,0,171,0%,58.6
signs of foundation issues,0,170,0%,49.24
basement crack repair andover ma,0,169,0%,18.11
foundation crack repair williston park,0,169,0%,64.93
bulkhead doors basement,0,168,0%,35.13
stem wall carbon fiber,0,168,0%,83.83
crack in foundation slab portsmouth,0,167,0%,49.78
foundation crack repair addison,0,167,0%,68.99
slab leveling,0,166,0%,1.18
wall stabilization near me,0,166,0%,32.37
crack in foundation slab yorktown,0,166,0%,42.81
how to repair concrete wall cracks,0,165,0%,34.09
wilmington concrete foundation repair,0,165,0%,49.82
crack repair experts,0,165,0%,69.15
digital millennium copyright ri,0,165,0%,81.41
crawl space experts near me,0,164,0%,1.28
foundation repair revere,0,164,0%,29.35
foundation crack repair florida,0,164,0%,68.97
fix foundation repair,0,164,0%,73.02
foundation repair natick ma,0,163,0%,21.66
foundation repair cement,0,163,0%,36.19
foundation crack repair inwood,0,162,0%,30.72
concrete lake wall repair in ct,0,161,0%,17.04
block foundation crack repair massachusetts,0,161,0%,26.83
polyurethane concrete raising near me,0,160,0%,1.05
fix cracked concrete wall,0,160,0%,58.35
fixing concrete walls,0,160,0%,78.48
foundation specialists near me,0,159,0%,6.21
benbrook foundation crack repair,0,158,0%,43.57
concrete wall crack injection,0,158,0%,71.31
how to know if your home's foundation can be saved,0,158,0%,76.08
foundation repair west hartford,0,157,0%,44.13
foundation crack repair richardson,0,157,0%,76.94
polyurethane concrete lifting near me,0,156,0%,1.29
residential concrete repair near me,0,156,0%,21.58
crumbling foundation repair,0,156,0%,43.04
wall crack repair new bern,0,156,0%,67.43
crack repair services experts,0,156,0%,72.16
bulkhead installers near me,0,155,0%,61.2
repair concrete walls,0,155,0%,92.01
foundation repair solutions,0,154,0%,6.89
concrete wall replacement,0,154,0%,73.01
basement concrete foundation repair,0,154,0%,73.17
a crack,0,153,0%,11.13
fixing cracks in concrete basement walls,0,153,0%,72.29
foundation crack repair long island,0,152,0%,67.93
foundation company,0,151,0%,1.16
repair crack concrete,0,151,0%,10.19
foundation concrete near me,0,151,0%,28.36
foundation crack repair atlantic beach,0,151,0%,36.44
crackstube,0,150,0%,7
acrack,0,150,0%,8.09
crack filling near me,0,150,0%,22.15
force basement crack repair,0,150,0%,67.17
foundation repair somerville,0,149,0%,43.79
crack injection cost,0,149,0%,82.21
filling crack in foundation,0,148,0%,28.07
how to tell if foundation is cracked,0,148,0%,66.39
lewisville foundation crack repair,0,148,0%,70.9
crawl space waterproofing near me,0,147,0%,1.06
home foundation repair west newton ma,0,147,0%,21.82
gloversville foundation crack repair,0,147,0%,24.97
best foundation crack repair experts,0,147,0%,44.61
crack repair for foundations,0,147,0%,61.86
foundation crack sealing mesa,0,147,0%,73.67
sewer cracking repair,0,147,0%,77.63
mud jacking,0,146,0%,4.9
concrete lifting contractors in ct,0,146,0%,11.17
foundation repair framingham,0,146,0%,49.74
sewerage line cracks,0,146,0%,80.97
foundation epoxy crack repair,0,145,0%,68.29
concreter,0,144,0%,2.68
foundation crack repair massapequa,0,144,0%,46.65
foundation crack repair lawrence,0,144,0%,51.93
basement cement repair,0,144,0%,79.28
foundation crack repair west hempstead,0,143,0%,39.06
crack repair services expert,0,143,0%,66.31
basement water leak,0,142,0%,2.37
repair cracked foundation wall,0,142,0%,51.34
carrollton foundation crack repair,0,141,0%,75.76
basement waterproofing braintree,0,140,0%,2.79
basement leaks,0,139,0%,2.55
stitched carbon fiber,0,138,0%,61.55
repairing basement cracks,0,138,0%,69.41
fixing concrete wall,0,138,0%,74.94
new england wall crack repair,0,137,0%,15.5
concrete crack filler,0,137,0%,19.99
fixing a cracked foundation,0,137,0%,32.58
foundation repair greenwich,0,137,0%,44.67
how to find crack in foundation,0,137,0%,67.31
foundation crack repair mansfield,0,136,0%,79.24
concrete handyman near me,0,135,0%,1.01
leaking basement,0,135,0%,2.76
crack repair basement,0,135,0%,56.26
how to repair crack concrete wall,0,135,0%,71.71
basement crack repair suffolk county,0,134,0%,54.12
concrete foundation specialist,0,134,0%,93.07
killer concrete,0,133,0%,22.84
foundation repair brockton,0,133,0%,37.08
concrete building repair boston,0,133,0%,72.31
concrete patio repair,0,132,0%,1
basement wall repair west newton ma,0,132,0%,24.91
foundation repair enfield,0,132,0%,31.36
expert foundation repair near me,0,132,0%,52.13
foundation crack repair farmers branch,0,132,0%,68.08
concrete sewer pipe repair,0,131,0%,54.58
fix foundation cracks gilbert,0,131,0%,79.94
home foundation crack repair services,0,130,0%,64.78
high pressure crack injecton,0,129,0%,59.43
concrete foundation replacement,0,129,0%,81.02
basement waterproofing foundation repair,0,128,0%,1.05
basement foundation leak repair near me,0,128,0%,33.41
bulk head door,0,128,0%,36.23
albuquerque foundation crack repair,0,128,0%,38.23
foundation crack repair queens,0,128,0%,55.92
repair crack in foundation wall,0,128,0%,61.88
foundation crack sealing services,0,128,0%,65.94
rockwall foundation crack repair,0,127,0%,55.12
epoxy resin foundation repair,0,127,0%,66.81
crawl space company near me,0,126,0%,1
fairfield foundation cracks,0,126,0%,49.95
fix foundation cracks tempe,0,126,0%,63.71
act crack,0,126,0%,86.59