"Topic","Frequency","User Count"
"Bulkhead Doors","6","1"
"water damage","1","0"
"concrete foundation","1","0"
"Bilco doors","4","0"
"foundation wall","1","0"
"cold joint","1","0"
"bulkhead leaks","1","0"
"mold growth","1","0"
"basement bulkhead door","1","0"
"bilco basement doors","1","0"
"metal doors","2","0"
"concrete steps","1","0"
"concrete anchors","1","0"
"rubber gasket","3","0"
"concrete sealant","1","0"
"waterproof sealant","1","0"
"waterproof seals","1","0"
"water seeping","1","0"
"structurally unsound","1","0"
"water leakage","1","0"
"structural damage","1","0"
"wood forms","1","0"
"concrete pouring","1","0"
"precast structures","1","0"
"concrete foundation walls","1","0"
"water intrusion","1","0"
"attack a crack","2","0"
"True Fix Services","3","0"
"home improvement","2","0"
"ground level","1","0"